Path: msuinfo!agate!howland.reston.ans.net!cs.utexas.edu!uunet!bounce-back
From: dave@dogwood.com (Dave Cornejo)
Newsgroups: news.announce.newgroups,news.groups,alt.security,comp.security.misc,sci.crypt
Subject: RESULT: sci.crypt.research moderated passes 348:23
Supersedes: <sci.crypt.research-CFV2.1@uunet.uu.net>
Followup-To: news.groups
Date: 8 Sep 1994 13:35:46 -0400
Organization: Usenet Volunteer Votetakers
Lines: 448
Sender: tale@uunet.uu.net
Approved: tale@uunet.uu.net
Message-ID: <sci.crypt.research-RESULT.1@uunet.uu.net>
References: <sci.crypt.research-RFD1.1@uunet.uu.net> <sci.crypt.research-CFV1.1@uunet.uu.net> <sci.crypt.research-CFV2.1@uunet.uu.net>
NNTP-Posting-Host: rodan.uu.net
Xref: msuinfo news.announce.newgroups:5410 news.groups:115340 alt.security:18658 comp.security.misc:11613 sci.crypt:31738

                               RESULT
	   moderated group sci.crypt.research passes 348:23

There were 348 YES votes and 23 NO votes, for a total of 371 valid votes. 
There were 5 invalid ballots.

For group passage, YES votes must be at least 2/3 of all valid (YES and NO)
votes.   There also must be at least 100 more YES votes than NO votes. 

There is a five day discussion period after these results are posted.  If no
serious allegations of voting irregularities are raised, the moderator of
news.announce.newgroups will create the group shortly thereafter.

Newsgroups line:
sci.crypt.research      Cryptography, cryptanalysis, and related issues.


Votes must be received by 23:59:59 UTC, 6 September 1994.

This vote is being conducted by a neutral third party.  For voting
questions only contact Dave Cornejo <dave@dogwood.com>.  For questions
about the proposed group please contact Peter Gutmann
<pgut1@cs.aukuni.ac.nz>.


CHARTER

The discussion of cryptography, cryptanalysis, and related issues, in
a more civilised environment than is currently provided by sci.crypt.

There are 5 moderators:
 
  David Wagner <dawagner@princeton.edu>
  Greg Rose <greg_rose@sydney.sterling.com>
  Mark Lomas <tmal@cl.cam.ac.uk>
  Michael Paul Johnson <mpj@netcom.com>
  Peter Gutmann <pgut01@cs.aukuni.ac.nz>

The moderators address is crypt-request@cs.aukuni.ac.nz and
submissions may go to crypt-submission@cs.aukuni.ac.nz.


RATIONALE: 
 
This vote is an attempt to provide for the creation of a forum with a
lower volume and higher quality of information than what is currently
available in sci.crypt.  It is hoped that the creation of a moderated
group will encourage more active debate on cryptographic research and
related issues than currently takes place in sci.crypt.


sci.crypt.research Final Vote Ack

Voted Yes
------------------------------------------------------------------------------
4-tea-2@bong.saar.de                                                Marc Aurel
a.baxter@ic.ac.uk                                               Alex D. Baxter
abostick@netcom.com                                            Alan L. Bostick
adams@kona.wes.army.mil                                       F. P. Adams, Jr.
adamt@netcom.com                                                 Adam Thornton
ae446@freenet.carleton.ca                                          Nigel Allen
ag414@freenet.carleton.ca                                       Colin R. Leech
aha@apollo.hp.com                                                             
alex@venus.nbg.sub.org                                         Alexander Adolf
allan@elvis.tamu.edu                                              Allan Bailey
alyx@apple.com                                                            alyx
amesml@monu1.cc.monash.edu.au                                     Mark L. Ames
amo@research.att.com                                                          
andrewh@muddcs.cs.hmc.edu                                        Andrew Hughes
andyl@harlequin.com                                                 Andy Latto
aph@atml.co.uk                                                    Andrew Haley
Arthur.Chance@Smallworld.co.uk                                   Arthur Chance
atkinson@sundance.itd.nrl.navy.mil                                Ran Atkinson
ault@cs.albany.edu                                                    Jim Ault
a_rubin@dsg4.dse.beckman.com                                      Arthur Rubin
balasher@nextsrv.cas.muohio.edu                                   Brian Lasher
bart@skinner.cs.uoregon.edu                                        Bart Massey
bengtl@maths.lth.se                                              Bengt Larsson
berson@anagram.com                                            Thomas A. Berson
BEZUIDES@elec.eskom.co.za                                 Johann Bezuidenhoudt
bill.pociengel@nic.state.mn.us                                     Hari Seldon
bill.sharp@ic.ac.uk                                                           
birchall@pilot.njin.net                                           Dan Birchall
black@csulb.edu                                                  Matthew Black
blkorbe@gw.PacBell.COM                                              B Korbelik
bonavent@montefiore.ulg.ac.be                              Olivier Bonaventure
bontchev@informatik.uni-hamburg.de                           Vesselin Bontchev
bouillin@trshp.trs.ntc.nokia.com                               Claude Bouillin
bouillon@cs.uni-sb.de                                        Peter G. Bouillon
bowlinbd@ucunix.san.uc.EDU                                                    
brendan@oc3s-emh1.army.mil                                     Brendan McKenna
bret@octel.com                                                    Bret Olmsted
bs@linus.mitre.org                                         Robert D. Silverman
bwa@shadow.dbapic.com.au                                      Barry W Anderson
bwallet@taz.nswc.navy.mil                                          Brad Wallet
c-alfaro@argos.uniandes.edu.co                 Carlos Alejandro Alfaro Bernate
C445585@MIZZOU1.missouri.edu                                                  
carlson@cap.gwu.edu                                            Eric C. Carlson
cbarkley@scic.intel.com                                    Christopher Barkley
chabaud@ensta.fr                                               Florent Chabaud
chughes@maths.tcd.ie                                                          
cks@hawkwind.utcs.toronto.edu                                 Chris Siebenmann
clare@cs.aukuni.ac.nz                                               Clare West
clements@diamond.bbn.com                                          Bob Clements
Clive.Jones@armltd.co.uk                                                      
colin@rafferty.com                                         Colin Owen Rafferty
combee@prism.gatech.edu                                     Benjamin L. Combee
crb11@cus.cam.ac.uk                                                 Colin Bell
cstevens@iaccess.za                                            Charles Stevens
cward@Think.COM                                               Christopher Ward
dacey@crl.com                                                   Peter Campbell
DaleW@MAILPO2.ASYM2PO.ASYMETRIX.COM                              Dale Woodford
Damien.Doligez@inria.fr                                         Damien Doligez
dave@humbug.demon.co.uk                                            Dave Hudson
david.sward@his.com                                                David Sward
david@flevel.demon.co.uk                                                      
david@sternlight.com                                          David Sternlight
dawagner@phoenix.Princeton.EDU                                 David A. Wagner
dconner@clark.net                                                 David Conner
ddavidso@metz.une.edu.au                                         Dean Davidson
debry@peruvian.cs.utah.edu                                          Dave DeBry
djimenez@ringer.cs.utsa.edu                                     Daniel Jimenez
dlang@pragmatx.demon.co.uk                                          David Lang
dmonjar@jabba.Cybernetics.NET                                    Daniel Monjar
dorsey@lila.com                                                    Bill Dorsey
doug@OpenMind.com                                                 Doug Cutrell
dwhite@dsys.ncsl.nist.gov                                        Douglas White
eab@msc.edu                                                     Edward Bertsch
eburger@mason1.gmu.edu                                           Eric W Burger
Ed.Ferguson@dseg.ti.com                                                       
ed@titipu.resun.com                                                Edward Reid
eduardor@BUEVM2.VNET.IBM.COM                          Eduardo Javier Rodriguez
efeustel@dmsoproto.ida.org                                          Ed Feustel
egbert%garfy@teralon.gun.de                                      Egbert Hinzen
ekraft@freenet.columbus.oh.us                                       Erik Kraft
ellis@netcom.com                                                    Rick Ellis
ewl@panix.com                                                   Emery Lapinski
fasttech!zeke@uu4.psi.com                                      Bohdan Tashchuk
fcp@nuance.com                                                   Craig Presson
fdamm@informatik.Uni-Koeln.DE                                       Frank Damm
feminist@eskimo.com                                       William Affleck-Asch
fnord@binkley.cs.mcgill.ca                                     Andrew KUCHLING
franl@centerline.com                                                          
fred@nasirc.hq.nasa.gov                                           Fred Blonder
gdignard@noc.tor.hookup.net                                     Gilles Dignard
gdj@netcom.com                                                      Gary Jones
geno@nevada.edu                                       EuGene epetai-Tramaglino
ggr@sydney.sterling.com                                              Greg ROSE
ghplumme@engds5.engprn.mobil.com                                George Plummer
gillardm@latcs1.lat.oz.au                                                     
golden@huhepu.harvard.edu                                      Mitchell Golden
gordon@torrie.org                                                Gordon Torrie
grendel@netaxs.com                                                            
grinch@hookup.net                        The Grinch (Reginald Braithwaite-Lee)
gsw@TFS.COM                                                    Greg Williamson
gt5139c@prism.gatech.edu                                   Pete 'Happy' Thomas
hagen.hagemann@fernuni-hagen.de                                 Hagen Hagemann
hanche@imf.unit.no                                         Harald Hanche-Olsen
Hans-Joachim.Hitz@zfe.siemens.de                                              
HARVEY@INDYVAX.IUPUI.EDU                                          James Harvey
hayden@vorlon.mankato.msus.edu                                Robert A. Hayden
hebrais@IRO.UMontreal.CA                                      Philippe Hebrais
herman@neocom.kiss.netland.nl                                Herman Ter Braake
hh@hhdo.ping.de                                          Henning Holtschneider
hmiller@origin.ea.com                                            Herman Miller
ho@cs.arizona.edu                                                Hilarie Orman
honig@buckaroo.ICS.UCI.EDU                                         David Honig
hooper@bitsy.ccs.queensu.ca                                        Andy Hooper
hsnel@hvlpa.att.com                                Henk J Snel +1  35  87 2311
hughes@p15mv1.lanl.gov                                          Richard Hughes
huuskone@cc.helsinki.fi                                       Taneli Huuskonen
iain@nomed.demon.co.uk                                            Iain Douglas
igor@sivka.carrier.kiev.ua                                      Igor Romanenko
iijon@iifeak.swan.ac.uk                                               Jon Care
injc@obelix.rz.tu-clausthal.de                                 Joerg Czeranski
irina@cs.bu.edu                                                   Irene Gassko
iwj10@cus.cam.ac.uk                                                Ian Jackson
jac55@cas.org                                                                 
james_do@MENTORG.COM                                                  James Do
Jan.Verschuren@esat.kuleuven.ac.be                                            
jbaltz@scisun.sci.ccny.cuny.edu                               Jerry B. Altzman
jch@oapd.oki.com                                            Jan YON Hardebergh
jdarrow@nyx10.cs.du.edu                                            John Darrow
jdavila@fi.upm.es                                                 Jorge Davila
JeanBernard_Condat@Email.FranceNet.fr                       JeanBernard Condat
jeff@jdyoung.dialup.access.net                                Jeffrey D. Young
jeffg@loki.engr.sgi.com                                         Jeff C. Glover
jennie@osiris.cs.uow.edu.au                                   Jennifer Seberry
jens@jeyhh.sh.sub.de                                                   Jens Ey
jerryb@iohk.com                                                        Jerry B
jewett@opus.hpl.hp.com                                              Bob Jewett
jfortt@dorsai.dorsai.org                                          Joseph_Fortt
jim@acm.org                                                       Jim Gillogly
jloup@chorus.fr                                                               
jmdaluz@kquest.com                                               Jose M. daLuz
jmk@mbunix.mitre.org                                                   Kusmiss
Joan.Daemen@esat.kuleuven.ac.be                                               
johnm@syd.csa.com.au                                           John Marychurch
johnsos@ECE.ORST.EDU                                             scott johnson
jonadams@netcom.com                                             Jonathan Adams
jph19@columbia.edu                                              Josh P Hendrix
jwendt@kosepc02.delcoelect.com                                      John Wendt
jws@cs.mu.OZ.AU                                                               
jz1@netcom.com                                              'totally confused'
kay@lucie.wupper.de                                               Kay Hamacher
Keith.Russell@lambada.oit.unc.edu                                             
kelsey@mdd.comm.mot.com                                             Joe Kelsey
ken@bridge.com                                                       Ken Hardy
ken@halcyon.com                                                    Ken Pizzini
kendea@jolt.mpx.com.au                                            Ken de Veaux
Kenneth.Iversen@mtfs.unit.no                                Kenneth R. Iversen
kermit@forthnet.gr                                           Keromitis Aggelos
khan@slinky.cs.nyu.edu                                                    khan
kinghix@palenque.win-uk.net                                         Henry King
kiril@mits.mdata.fi                                              Kiril Kesarev
kkirksey@world.std.com                                             Ken Kirksey
kleine@fzi.de                                                      Karl Kleine
klockstone@cix.compulink.co.uk                                 Keith Lockstone
kocherp@leland.Stanford.EDU                                   Paul Carl Kocher
krallis@theseas.ntua.gr                                         Costas Krallis
kramp@informatik.uni-kl.de                                                    
ksw@cs.odu.edu                                                     Kyle Wilson
L15D@ZFN.UNI-BREMEN.DE                                        Martin Schroeder
lamaster@puma.arc.nasa.gov                                       Hugh LaMaster
lannert@lannert.rz.uni-duesseldorf.de                           Detlef Lannert
larry.edelstein@ccmail.com                                                    
Lawrie.Brown@adfa.oz.au                                                       
leiwo@rieska.oulu.fi                                          Jussipekka Leiwo
lena@rla.msk.su                                               Elena V. Ivanova
leon891@buzzard.csrv.uidaho.edu                                 Jeremy S. Leon
lhjensen@math.Princeton.EDU                                        Leif Jensen
liam@near.net                                                  L. Sean Kennedy
LINEHAN@watson.ibm.com                            Mark H. Linehan (8-863-7860)
lmccarth@bali.cs.umass.edu                             L. \"Futplex\" McCarthy
lorenz@tech.ascom.ch                                               Lorenz Frey
lrf6as@gps1.leeds.ac.uk                                              A Staines
lstanton@sten.lehman.com                                          Linn Stanton
ltw@netcom.com                                                Lawrence Weinman
lucks@namu19.gwdg.de                                          Stefan Lucks NAM
Lyle_Seaman@transarc.com                                                      
M.Gream@uts.EDU.AU                                               Matthew Gream
M.N.R.Remijn@research.ptt.nl                                     Remijn M.N.R.
m8360@msg.abc.se                                                 Kurt Wassberg
m@mbsks.franken.de                                           Matthias Bruestle
malte@mathematik.uni-bielefeld.de                                    Malte Uhl
marcy@sqwest.wimsey.bc.ca                                                     
Mark.Lomas@cl.cam.ac.uk                                                       
Mark.Vandenwauver@esat.kuleuven.ac.be                                         
markh@wimsey.bc.ca                                           Mark C. Henderson
Markus.Dichtl@zfe.siemens.de                                 Dr. Markus Dichtl
marshall@sytex.com                                              Brent Marshall
martinc@CS.ColoState.EDU                                        charles martin
Matt.Cohen@chron.com                                                Matt Cohen
mau@beatles.cselt.stet.it                                     Maurizio Codogno
mayhew@WKUVX1.WKU.EDU                                                         
MBAUSER@KENTVM.KENT.EDU                                         Michael Bauser
mbm@dsbc.icl.co.uk                                          Malcolm Mladenovic
McHorris@aol.com                                                              
mctajdi@vaxd.dct.ac.uk                                                        
mel@servalan.demon.co.uk                                 Melanie Dymond Harper
mellon@vix.com                                                       Ted Lemon
merlin!Faximum.COM!pajari@cs.ubc.ca                              George Pajari
metzger@rs1.cc.und.nodak.edu                                     Jerry Metzger
MFROOMKI@umiami.ir.miami.edu                                  Michael Froomkin
Michael.Bungert@zfe.siemens.de                                 Michael.Bungert
Michael.Roe@cl.cam.ac.uk                                              Mike Roe
michaelp@terpi.informatik.rwth-aachen.de                         Michael Portz
miked@ikos.com                                                     Mike deMare
milan@mjm.xyplex.com                                              Milan Merhar
mjmccut@cs.ubc.ca                                              Mark McCutcheon
mjshield@nyx.cs.du.edu                                         Michael Shields
mmt@RedBrick.COM                                          Maxime Taksar KC6ZPS
mol@df.lth.se                                                    Magnus Olsson
monta@image.mit.edu                                                Peter Monta
mpeel@ccs.carleton.ca                                            Michelle Peel
mpj@netcom.com                                            Michael Paul Johnson
mpope@itd.dsto.gov.au                                             Michael Pope
mrd@poe.acc.virginia.edu                                          Martin Davis
mrg@fulcrum.com.au                                               matthew green
mrr@scss3.cl.msu.edu                                              Mark Riordan
mschruf@metronet.com                                            Michael Schruf
neeri@iis.ee.ethz.ch                                        Matthias Neeracher
neilc@wallaby.Stanford.EDU                                        Neil Crellin
neill@macro.demon.co.uk                                            Neill Clift
nib@crosfield.co.uk                                              Nigel Bromley
npc@minotaur.jpl.nasa.gov                                                     
nrh@uunet.uu.net                                                    Nat Howard
nye@voglnp.pnl.gov                                                      JP Nye
oconnor@dstc.qut.edu.au                                       Dr Luke O'Connor
oliver@cs.wmich.edu                                         Christopher Oliver
OTTO@vaxb.acs.unt.edu                                                  M. Otto
Oyvind.Ytrehus@ii.uib.no                                                      
p00756@psilink.com                                                John M. King
p01613@psilink.com                                                   phil reed
paasivir@tukki.jyu.fi                                         Risto Paasivirta
Paul.Tvete@ii.uib.no                                           Paul Olav Tvete
pcl@ox.ac.uk                                                      Paul Leyland
pdc@dcs.ed.ac.uk                                                  Paul Crowley
pearson6@llnl.gov                                                             
perry@imsi.com                                                Perry E. Metzger
Peter-Lawrence.Montgomery@cwi.nl                                              
pgut01@cs.aukuni.ac.nz                                    Peter Claus  Gutmann
phr@netcom.com                                                      Paul Rubin
pjensen1@msmail3.hac.com                                     Jensen, Patrick R
pjhong@clio.rad.sunysb.edu                                      P. Joseph Hong
pkarger@gte.com                                                 Paul A. Karger
plipp@fiaikss04.tu-graz.ac.at                                       Peter Lipp
pom@anke.imsd.uni-mainz.DE                         Prof. Dr. Klaus Pommerening
pq@cs.man.ac.uk                                                     Paul Quare
preneel@taiyang.eecs.berkeley.edu                                 Bart Preneel
prm@rz.uni-jena.de                                               Ralf Muschall
pschaefe@informatik.uni-kl.de                                                 
pschleck@gonix.gonix.com                                  Paul W Schleck KD3FU
puolamak@cc.helsinki.fi                                   Kai Rainer Puolamaki
pww@bnr.ca                                              peter (p.w.) whittaker
quinn@phoenix.Princeton.EDU                                   Michael J. Quinn
RADAI@vms.huji.ac.il                                                  Y. Radai
rdh@nsd.3com.com                                                 Dale Hagglund
reh@wam.umd.edu                                             Richard Huddleston
rei@osiris.cs.uow.edu.au                                      Rei Safavi-Naini
reitherm@uni-kl.de                                         Steffen Reithermann
rgep@ccrwest.org                                                 Richard Pinch
richard@wizard.ucs.sfu.ca                                     Richard Chycoski
richardr@netcom.com                                       Richard L. Robertson
rick@shore.net                                                                
rjenkins@us.oracle.com                                          Robert Jenkins
rlc@netcom.com                                                    Robert Clark
robertb@DGS.dgsys.com                                         Robert Blandford
roberto@hsc.fr.net                                             Ollivier Robert
ROBHUGHES@delphi.com                                                          
roger_sf@postoffice.utas.edu.au                                      R.Fleming
Rolf.Michelsen@delab.sintef.no                                  Rolf Michelsen
Ross.Anderson@cl.cam.ac.uk                                                    
rroberts@jarthur.cs.hmc.edu                                                   
rubin@faline.bellcore.com                                            Avi Rubin
rufinus@mbe.ece.wisc.edu                                       Jeffrey Rufinus
samu@uta.fi                                                      Samu Mielonen
scd@cs.brown.edu                                             Steven C. Dollins
schneck@acpub.duke.edu                                       Robert R. Schneck
schneier@chinet.chinet.com                                      Bruce Schneier
science@oasys.dt.navy.mil                                           Zimmermann
seth@ctr.columbia.edu                                           Seth Robertson
setzer@math.ncsu.edu                                            William Setzer
shalevj@ccsg.tau.ac.il                                         shalev jonathan
shaunc@faceplant.gvg.TEK.COM                                  High Octane Fuel
shibumi@cisco.com                                             Kenton A. Hoover
shrdlu@willow.sdd.trw.com                                        Lynda L. True
SIRVINE@waikato.ac.nz                                              Sean Irvine
sklindsa@io.org                                                  Scott Lindsay
sledge@hammer.oche.de                                        Thomas Bueschgens
smb@research.att.com                                            Steve Bellovin
smith@ast.dsd.northrop.com                                          Dick Smith
soneill@access.netaxs.com                                        Steve O'Neill
SPARROW@physics.umr.edu                                        Richard Sparrow
spcoltri@mailhost.ecn.uoknor.edu                                 Steve Coltrin
spn@arcadia.usae.bah.com                                   Shawn P. Neugebauer
steinly@lick.UCSC.EDU                                        Steinn Sigurdsson
stevalln@dorsai.dorsai.org                                         Steve_Allen
stidd@parc.xerox.com                                                John Stidd
Stig.F.Mjolsnes@delab.sintef.no                                               
stoltze@fysik.dtu.dk                                               Per Stoltze
straits@netcom.com                                           Stewart C. Strait
sts@wits.ruhr.de                                          Stefan T Schwingeler
Stu@nemesis.wimsey.com                                            Stuart Smith
sv1rd@chemeng.ntua.gr                                          Tasos Zachariou
Tapani.Lindgren@HUT.Fi                                         Tapani Lindgren
tarnold@cts.com                                                   Terry Arnold
tfl@psp.co.uk                                                     Thomas F Lee
tgentry@netcom.com                                                  Tim Gentry
thad@pdi.com                                                    Thaddeus Beier
thomas@osiris.cs.uow.edu.au                                    Thomas Hardjono
Tim_Myers@Novell.COM                                                 Tim Myers
tm@cs.tut.fi                                                     M{nnist| Tatu
tonnes@nta.no                                                T|nnes Brekne TFX
tony@mantis.co.uk                                                  Tony Lezard
tord@zapffe.mat-stat.uit.no                                     Tord Persokrud
torsten@skom.se                                               Thorleif Askerud
trefor@flevel.demon.co.uk                                                     
treid@CLASS.ORG                                                    Taylor Reid
troys@cory.EECS.Berkeley.EDU                            Troy Shahoumian KC6SCZ
tyke@netcom.com                                               Robert Tykulsker
udee205@bay.cc.kcl.ac.uk                                                      
ujmp1@sunyit.edu                                              Joseph M. Prusik
usura@vox.hacktic.nl                                                     uSuRa
Uwe.Bloecher@zfe.siemens.de                                       Uwe Bloecher
uweh@src.umd.edu                                                Uwe Hollerbach
V360EAKB@ubvms.cc.buffalo.edu                                           cusick
vauclair@vvcomp.be                                               Marc Vauclair
viiveke@isy.liu.se                                                     Viiveke
Vincent.Rijmen@esat.kuleuven.ac.be                                            
vponelis@facstaff.wisc.edu                                                    
Walter.Fumy@zfe.siemens.de                                                    
walters@osi.ncsl.nist.gov                                      Dale L. Walters
wayne.clerke@prophet.mpx.com.au                                               
wcs@cbnewsh.att.com                                                           
west@phx.sectel.mot.com                                              Gary West
wmh@hadady.com                                                Wayne, M. Hadady
wombat@aquilagroup.com                                   Christopher M. Conway
wpp@marie.physik.tu-berlin.de                                       Kai Petzke
yadallee@gAlLiF.ersys.EDmonTON.Ab.Ca                     Dave Shariff Yadallee
zapp@cs.UManitoba.CA                                              Michael Zapp
zdenek@patpsun1.epfl.ch                                          Zdenek Sekera
zessin@informatik.uni-frankfurt.de                                            

Voted No
------------------------------------------------------------------------------
apolzer@cs.ucsd.edu                                             Andreas Polzer
bkilgore@snipe.ess.harris.com                                    Brian Kilgore
clip@VNET.IBM.COM                                                             
crouchkp@flidh103.delcoelect.com                              Kenneth P Crouch
dumanis@jhunix.hcf.jhu.edu                                  Michael E. Dumanis
elt@irony.com                                                      Ed Taychert
FSSPR@aurora.alaska.edu                                                   NOT!
hfinney@shell.portal.com                                                   Hal
jebright@magnus.acs.ohio-state.edu                             James R Ebright
jkimbro@rtm103.lasc.lockheed.com                                 Jon Kimbrough
jrm@globalvillag.com                                     John R. MacWilliamson
koontzd@lrcs.loral.com                                            David Koontz
marshall@rsd1000                                           William S. Marshall
mike@sandbox.gsfc.nasa.gov                                          Mike Jones
morgno@netcom.com                                                Mighty Morgno
neilb@khoros.unm.edu                                               Neil Bowers
pierre@shell.portal.com                                        Pierre Uszynski
rick@bcm.tmc.edu                                             Richard H. Miller
rosingmg@yar.cig.mot.com                                        Mike G. Rosing
stainles@bga.com                                                  Dwight Brown
tcmay@netcom.com                                                Timothy C. May
tomj@jac.enet.dec.com                                           Tom Jaskiewicz
trollins@debbie.telos.com                                          Tom Rollins


Votes in error
------------------------------------------------------------------------------
charlie_hall@lds.loral.com                                        Charlie Hall
   ! No vote statement in message
dthack@gonix.gonix.com                                            Dave Thacker
   ! No vote statement in message
hvm7019@tamsun.tamu.edu                                       Henry Van Maeger
   ! No vote statement in message
kieron@inlink.com                                               Nicholas Breen
   ! Conflicting votes
Luc.VanLinden@esat.kuleuven.ac.be                                             
   ! No vote statement in message

-- 
Dave Cornejo                                There is nothing so subtle
Dogwood Media                                           as the obvious
Fremont, California
