Path: msuinfo!agate!howland.reston.ans.net!pipex!uknet!EU.net!uunet!bounce-back
From: jan@bagend.atl.ga.us (Jan Isley)
Newsgroups: news.announce.newgroups,news.groups,comp.arch,comp.dsp,comp.lsi,comp.org.ieee,sci.crypt,sci.electronics,sci.math
Subject: RESULT: comp.arch.arithmetic passes 324:30
Followup-To: news.groups
Date: 10 May 1994 15:29:23 -0400
Organization: Usenet Volunteer Votetakers
Lines: 433
Sender: tale@uunet.uu.net
Approved: tale@uunet.uu.net
Message-ID: <comp.arch.arithmetic-RESULT@uunet.uu.net>
References: <comp.arch.arithmetic-RFD1@uunet.uu.net> <comp.arch.arithmetic-CFV1@uunet.uu.net> <comp.arch.arithmetic-CFV2@uunet.uu.net>
NNTP-Posting-Host: rodan.uu.net
Xref: msuinfo news.announce.newgroups:4873 news.groups:103191 comp.arch:49751 comp.dsp:10975 comp.lsi:3952 comp.org.ieee:2706 sci.crypt:27307 sci.electronics:86661 sci.math:71719

           unmoderated group comp.arch.arithmetic passes 324:30

There were 324 YES votes and 30 NO votes, for a total of 354 valid votes. 
There were 4 abstains and 1 invalid ballot.

For group passage, YES votes must be at least 2/3 of all valid (YES and
NO) votes.  There also must be at least 100 more YES votes than NO votes.

There is a five day discussion period after these results are posted.  If
no serious allegations of voting irregularities are raised, the moderator
of news.announce.newgroups will create the group shortly thereafter.

Newsgroups line: 
comp.arch.arithmetic	Implementing arithmetic on computers/digital systems.

This vote was conducted by a neutral third party.  Please direct
all questions about the vote to Jan Isley <jan@bagend.atl.ga.us>.

CHARTER

comp.arch.arithmetic will be a forum for the discussion of implementing 
arithmetic functions in digital computers (and other digital systems).
There are many other newsgroups which share a peripheral interest with
this topic, but none which deals precisely with the topic of implementing
arithmetic (and logical) functions on digital systems.  Thus, I feel that
this newsgroup would fill a void, as computer arithmetic is an important
field of study.

comp.arch.arithmetic will deal with the topic of computer arithmetic at
several different levels, from the circuit level (how to build a faster
multiplier, for example) to the algorithmic level.  Both hardware and
software implementations of arithmetic will be discussed.  Any problem
involving arithmetic or logical calculations is fair game for discussion,
whether it be ALU design, digital signal processing, cryptography,
minimization of logic equations, or anything else.  This newsgroup is
also for the discussion of various protocols and standards relating to
computer arithmetic, such as IEEE Standard 754.  In short, any topic
relevant to computer arithmetic/logic is acceptable in this newsgroup.

comp.arch.arithmetic is intended to serve all of those with an interest in 
computer arithmetic, from undergraduates wondering what two's complement 
numbers are, to seasoned researchers discussing the latest developments of
the field.  No one should be made to feel unwelcome, simply due to a lack
of experience or knowledge of the topics covered.  Thus, it is intended
that a FAQ be eventually prepared, which answers the more common questions
(as well as providing numerous references and citations to the literature.)
The FAQ is not intended to be a comprehensive guide, but a quick reference.

Generally, any post relating to computer arithmetic or logic is considered 
acceptable.  Posts which are not relevant to the topic at hand, or posts 
which are excessively hostile, are considered unacceptable.  Constructive 
criticism of another's ideas/work are OK, flames are not.  As comp.arch.
arithmetic is an UNMODERATED newsgroup, readers are expected to exercise
their own good judgment when posting.  It is anticipated that the vast
majority of posters will be professional in their behavior, so moderation
is not necessary.

comp.arch.arithmetic Final Vote Ack

Voted Yes
---------------------------------------------------------------------------
ac.upc.es!josepll                                               Josep Llosa
access.digex.net!bobs                                             Bob Smith
afire.zko.dec.com!gray                                            Bill Gray
agames.com!albaugh                                          Michael Albaugh
agar.oche.de!mb                                              Marcus Breiing
ai.mit.edu!lethin                                               Rich Lethin
ai.mit.edu!pdp8                                           John W.F. McClain
allanon.math.byu.edu!pmarc                                   Paul M. Cardon
amd.com!adil.husain                                             Adil Husain
analog.com!greg.koker                                            Greg Koker
analog.com!matt.kangas                                          Matt Kangas
analog.com!Mike.Long                                              Mike Long
andrew.cmu.edu!pl1u+                                            Chris Leger
aol.com!jimbrakefd                                           Jim Brakefield
aol.com!johnydark                                            John Stevenson
apple.com!baum                                                Allen J. Baum
armltd.co.uk!dseal                                               David Seal
armltd.co.uk!krasmuss                                         Kim Rasmussen
armltd.co.uk!michael.williams                              Michael Williams
athena.ecs.csus.edu!choia                                         Alex CHOI
atits07.cern.ch!mazenc                                    Christophe Mazenc
atml.co.uk!aph                                                 Andrew Haley
bain.oz.au!mjj                                              Matthew Jackson
barclay.harvard.edu!eliot                                     Eliot Shepard
bauv106.bauv.unibw-muenchen.de!claude                         Claude Frantz
bell.demon.co.uk!Peter                                           Peter Bell
belvedere.sbay.org!dfox                                        David E. Fox
BGEARN.BITNET!EPOPOVA                             POPOVA EVGENIJA DIMITROVA
black.demon.co.uk!tchannon                                      Tim Channon
bliss.cs.utah.edu!ganesh                              Ganesh Gopalakrishnan
brooktree.com!mulligan                                       Danny Mulligan
brunel.ac.uk!alan.macdonald                                  Alan MacDonald
bwh.harvard.edu!andre                                        Andre Robatino
c-cube.com!rl                                              Raul Izahi Lopez
cae.wisc.edu!rufinus                                             J. Rufinus
caercn.dra.hmg.gb!curtis                                        Paul Curtis
camelot.acf-lab.alaska.edu!fsspr                               Sean P. Ryan
carl.ece.scarolina.edu!sumedh                                Sumedh Sathaye
castor.xilinx.com!kelem                                        Steven Kelem
ccrma.Stanford.EDU!roc                                     Davide Rocchesso
chpc.utexas.edu!saghir                                        Saghir Shaikh
chudich.cse.rmit.edu.au!rdspb                                  Paul Beckett
cime503.imag.fr!choumach                            Vassiliy Tchoumatchenko
cli.com!albin                                                     Ken Albin
clt.fx.net!aht                                                 Kenny Thomas
cmf.nrl.navy.mil!schmitt                                     George Schmitt
cognex.com!johng                                                 John Gregg
consgate.hacktic.nl!somedude                               Ake van der Meer
craycos.com!dressel                                            Paul Dressel
crsc.kmitl.ac.th!s3100118                           Maneewongvatana Songrit
cs.albany.edu!ault                                                 Jim Ault
cs.cmu.edu!Daniel.Stodolsky                                Daniel Stodolsky
cs.man.ac.uk!fortuna                                        Armando Fortuna
cs.rice.edu!marka                                             Mark Anderson
cs.sunysb.edu!sanjaypa                                     Sanjay Padubidri
cs.toronto.edu!tff                                           Tom Fairgrieve
cs.tu-berlin.de!mfx                                        Markus Freericks
cs.uah.edu!ksackett                                            Karl Sackett
cs.UMD.EDU!jds                                               James da Silva
cs.umn.edu!anda                                           Andrew Allen Anda
cs.unca.edu!schmech                                         Chris Schmechel
cs.uni-sb.de!jkeller                                           Joerg KELLER
cs.uta.fi!jjt                                                   Jyrki Tuomi
cs.utk.edu!eijkhout                                         Victor Eijkhout
cs.wmich.edu!oliver                                      Christopher Oliver
csa.ncat.edu!vijay                                     Vijayarangan Gopalan
csd.uch.gr!efthym                                       Aristides Efthymiou
csd.uu.se!Sven-Olof.Nystrom                               Sven-Olof Nystrom
cse.psu.edu!gayles                                              Eric Gayles
cse.ucsc.edu!martine                                         Martine Schlag
csulx.weber.edu!val                                           Val Kartchner
cwi.nl!Dik.Winter                                                Dik Winter
cwi.nl!Jan.Kok                                                      Jan Kok
cwi.nl!Peter-Lawrence.Montgomery                        Peter L. Montgomery
cygnus.com!tege                                           Torbjorn Granlund
cyrix.com!atul                                               Atul Dhablania
daimi.aau.dk!horup                                              Holger Orup
dc.ernet.in!kal                                             Venkata N. Peri
delcam.co.uk!pjb                                               Paul Brennan
delilah.ccsf.caltech.edu!ssr                             Steve Roy Karmesin
di.epfl.ch!perrier                                        Jean-Yves Perrier
di.epfl.ch!Serge.Durand                                        Serge Durand
dino.basis.com!dlewis                                           David Lewis
dit.lth.se!hasse                                             Hans Lindkvist
drebin.demon.co.uk!andy                                        Andrew Ellam
dsg4.dse.beckman.com!a_rubin                                Arthur L. Rubin
dsv.su.se!zigmunds                                         Zigmunds Vainers
durham.ac.uk!D.J.E.Nunn                                        Douglas Nunn
east.demon.co.uk!Mark                                            Mark Reece
ECE.ORST.EDU!johnsos                                          Scott Johnson
ece.ucdavis.edu!akella                                     Venkatesh Akella
eceserv0.ece.wisc.edu!orchard                                 Bruce Orchard
ecn.purdue.edu!jblack                                            Jeff Black
ee.lbl.gov!vern                                                 Vern Paxson
ee.ubc.ca!peterm                                                Peter Meisl
ees1s0.engr.ccny.cuny.edu!eesrv                         Srinivasa R. Vemuru
egr.msu.edu!winstonc                                          Chuck Winston
eis.cs.tu-bs.de!telkamp                                      Gerrit Telkamp
elec.mid.gmeds.com!forest                                  Thomas M. Forest
electxt.co.nz!edmund                                   Edmund Stephen-Smith
Eng.Sun.COM!Alex.Liu                                       Zhishun Alex Liu
Eng.Sun.COM!Atul.Kapadia                                       Atul Kapadia
Eng.Sun.COM!Gaurang.Shah                                       Gaurang Shah
Eng.Sun.COM!Gregory.Tarsy                                     Gregory Tarsy
Eng.Sun.COM!Keith.Bierman                                     Keith Bierman
Eng.Sun.COM!Marianne.Mueller                               Marianne Mueller
engrhub.ucsb.edu!midnight                                      JONATHAN LEI
ensisun.imag.fr!souvigne                               Christophe SOUVIGNET
epsx25.SINet.SLB.COM!barbe                                     Claude Barbe
esat.kuleuven.ac.be!Valeriu.Beiu                               Valeriu BEIU
falcon.is!brb                                            Bjorn R. Bjornsson
fiat.gslis.utexas.edu!awd                                  Andrew W. Donoho
FirstPerson.COM!James.Gosling                                 James Gosling
fozzie.gcs.co.nz!russell                                   Russell Campbell
framentec.fr!ndoduc                                             Nhuan DODUC
freya.cs.umass.edu!lmccarth                                  Lewis McCarthy
fsd.com!ryan                                                Kenneth D. Ryan
futserv.austin.ibm.com!mbjr                    Mauricio Breternitz Jr, Ph.D
gaLCon.ERSYS.edmonton.ab.ca!yadallee                  Dave Shariff Yadallee
gel.ulaval.ca!fortier                                          Paul Fortier
GEOMAT.math.uni-hamburg.de!am3a012                              Martin Titz
george.arc.nasa.gov!lamaster                                  Hugh LaMaster
godel.ecs.umass.edu!mstan                                       Mircea Stan
GS62.SP.CS.CMU.EDU!Peter_A_Dinda                             Peter A. Dinda
guardian.cse.psu.edu!bajwa                                 Raminder S Bajwa
guest.apple.com!jerome                                     Jerome T. Coonen
halcyon.com!ems                                                Erik Seaberg
halcyon.com!jbaker                                              James Baker
herakles.edc.mentorg.com!jmg                                    Jan Guffens
herbison.com!bjv                                              B.J. Herbison
hi.com!wright                                               David D. Wright
hilbert.maths.utas.edu.au!piggy                         La Monte H. Yarroll
hpcvrp.cv.hp.com!maxj                                             Max Jones
hpd.eng.man.ac.uk!mbgap02                                    Rachel Fortuna
hpfrcu03.france.hp.com!dml                                 DEMICHEL Patrick
hplden.hpl.hp.com!dennisb                                 Dennis Brzezinski
hpltof.hpl.hp.com!willy                                    Willy McAllister
hrl.harvard.edu!saxena                                         Navin Saxena
humbug.demon.co.uk!dave                                         Dave Hudson
iamk4508.mathematik.uni-karlsruhe.de!ae06                   Manfred Schlett
iamk4508.mathematik.uni-karlsruhe.de!ae34                     Rudolf Lohner
iamk4508.mathematik.uni-karlsruhe.de!dima                  Dimitri Shiriaev
iamk4515.mathematik.uni-karlsruhe.de!ae18                     Michael Neaga
iamk4515.mathematik.uni-karlsruhe.de!bierlox                Norbert Bierlox
iamk4516.mathematik.uni-karlsruhe.de!kersten                    Tim Kersten
iamk4524.mathematik.uni-karlsruhe.de!ae62                     Ulrike Storck
iamk4525.mathematik.uni-karlsruhe.de!ae58                     Peter Schramm
iamk4526.mathematik.uni-karlsruhe.de!schumm                  Carsten Schumm
iamk4528.mathematik.uni-karlsruhe.de!ae20                     Stefan Geoerg
iamm05.mathematik.uni-karlsruhe.de!ae15                      Gerd Bohlender
iastate.edu!ddkilzer                                         David D Kilzer
iastate.edu!dkdean                                            David K. Dean
iastate.edu!john                                                       John
IBM.rhrz.uni-bonn.de!UNE41C                                    Uwe Ritzmann
IBM3090.RZ.UNI-KARLSRUHE.DE!AE64                           Andreas Wiethoff
ichips.intel.com!glew                                             Andy Glew
ichips.intel.com!proussel                                   Patrice Roussel
ichips.intel.com!toms                                             Tom Shott
ICSI.Berkeley.EDU!krste                                      Krste Asanovic
idd.maschinenbau.th-darmstadt.de!adams                           Hans Adams
idt.unit.no!Jarle.F.Greipsland                          Jarle F. Greipsland
imag.fr!Luis.Montalvo                                         Luis Montalvo
inf.ufrgs.br!silveira                       Fernando da Silveira Montenegro
informatik.uni-kl.de!kirchner                             Reinhard Kirchner
informatik.uni-wuerzburg.de!wolff                 Juergen Wolff v Gudenberg
inmos.co.uk!amroun                                          Dr Alain Amroun
inmos.co.uk!atkinss                                            Steve Atkins
inmos.co.uk!simpsonj                                           John Simpson
ipmce.su!gval                                           Valery Ya. Gorstein
iscs.nus.sg!wongwf                                                W.F. Wong
ISI.EDU!carlton                                                Mike Carlton
itd.sterling.com!Mike_Yankus                              Michael C. Yankus
iti.informatik.th-darmstadt.de!graef                           Ulrich Graef
itu2.sun.ac.za!itu2!haven                                    Ingrid Havenga
IWR.Uni-Heidelberg.De!Ralf.Dentzer                             Ralf Dentzer
JANET.UCLA.EDU!molloy                                        Stephen Molloy
jbratt.mti.sgi.com!jbratt                                         Joe Bratt
jconrad.engr.uark.edu!jmc3                                  James M. Conrad
joe.math.uga.edu!grantham                                      Jon Grantham
kau.vtt.fi!jos                                               Jouni Siirtola
kom.auc.dk!ftmo90                                              Finn Moeller
kpc.com!shoji                                                  Shoji Okoshi
laas.fr!boue                                                    Jerome Boue
labri.u-bordeaux.fr!metzemak                               Timo Metzemakers
lem.ee.ethz.ch!nh                                          Norbert G. Hanke
lenkkari.cs.tut.fi!vjs                                          Vesa Savela
linkji.tamu.edu!devalla                                      Badari Devalla
lip.ens-lyon.fr!Arnaud.Tisserand                           Arnaud Tisserand
lip.ens-lyon.fr!Bruno.Mari                                       Bruno Mari
lip.ens-lyon.fr!Jean-Michel.Muller                       Jean-Michel MULLER
lip.ens-lyon.fr!Marc.Daumas                                     Marc Daumas
logen.sps.mot.com!ravi                                         Ravi Shankar
lsil.com!rhuang                                                 Randy Huang
lunch.sps.mot.com!rogers                                        Roger Smith
magnum.cooper.edu!mark                                           Mark Balch
mail.cs.orst.edu!djangk                                               Kevin
malmo.trab.se!Erland.Unruh                                     Erland Unruh
math.purdue.edu!lucier                                       Bradley Lucier
math.ufl.edu!pfc                                           pfc@math.ufl.edu
math.utah.edu!beebe                                      Nelson H. F. Beebe
Mathcom.com!sullivan                                         Steve Sullivan
mcimail.com!0005920651                                      Ron Mac Quarrie
mcs.kent.edu!kweber                                           Kenneth Weber
mdata.fi!petrin                                              Petri Nordlund
meiko.co.uk!jim                                                James Cownie
MERV.CS.NYU.EDU!figueroa                                 Samuel A. Figueroa
metro.mactel.org!pete_g                                        Pete Gregory
microsoft.com!philiplu                                          Phil Lucido
mikomtek.csir.co.za!JCloete                                  Laurens Cloete
mipos2.intel.com!hmulder                                        Hans Mulder
mirage.esl.com!dwa                                         Dana W. Albrecht
mirtillo.usr.dsi.unimi.it!marco                                Marco Benini
MIT.EDU!parasite                                                      Vince
MIT.EDU!pshuang                                                  Ping Huang
mmm.com!shtao                                                    Sammy Taox
mpd.tandem.com!nrr                                              N.R. Ramesh
mstr.hgc.edu!rhb                                             Roger H. Brown
muc.de!mahu                                                    Martin Huber
muse.crj.cray.com!hideaki                                  Hideaki Moriyama
nb.rockwell.com!lioe                                           Hidayat Lioe
netapp.com!byron                                             Byron Rakitzis
netcom.com!dobrikin                                          David Dobrikin
netcom.com!jgk                                                    Joe Keane
netcom.com!rlc                                                 Robert Clark
netcom.com!rlglende                                         Lew Glendenning
netcom.com!weaver                                               Niel Warren
nharris.demon.co.uk!neil                                        Neil harris
NIAGARA.NECTAR.CS.CMU.EDU!Stefan_Monnier                     Stefan Monnier
Nuts.COM!hans                                              Hans Kristiansen
oghma.Eng.Sun.COM!dhn                                      Daniel H. Nelsen
oldp.astro.wisc.edu!alan                                        Alan Watson
ole.cdac.com!rayf                                              Ray Farbarik
orange.digex.net!rick                                            Rick Ellis
panix.com!titit                                              Titi Trandafir
parc.xerox.com!goldberg                                      David Goldberg
parcplace.com!franka                                           Frank Adrian
peanuts.informatik.uni-tuebingen.de!schubert                   Eva Schubert
peugeot.CS.Berkeley.EDU!xiaoye                                    Xiaoye Li
phoenix.Princeton.EDU!quinn                                   Michael Quinn
pine.ece.utexas.edu!tkc                                  Thomas K. Callaway
pmms.cam.ac.uk!R.G.E.Pinch                                    Richard Pinch
prl.philips.nl!dacosta                                       Paulo da Costa
pvv.unit.no!thorha                                      Thor Henning Amdahl
qualcomm.com!simmonds                                        Steve Simmonds
rbg.informatik.th-darmstadt.de!misar                           Walter Misar
rd.eng.bbc.co.uk!andrew.mcparland                          Andrew McParland
re3franz.gmr.com!fschauer                                Frank J. Schauerte
relay.nswc.navy.mil!L10SERVER!lholden                         lindel holden
research.att.com!dmg                                           David M. Gay
research.CS.ORST.EDU!crowl                                   Lawrence Crowl
research.ptt.nl!J.C.vanderWal                              Kees van der Wal
reseau.toyonaka.osaka.jp!kenji                               Kenji Rikitake
risc.uni-linz.ac.at!Tudor.Jebelean                           Tudor JEBELEAN
risc.uni-linz.ac.at!Werner.Krandick                         Werner Krandick
rosevax.rosemount.com!ghoul                                   Jon Westbrock
rowland.org!hill                                              Winfield Hill
rp.CSIRO.AU!pryan                                               Philip Ryan
rpi.edu!greeng3                                               Gordon Greene
rs1.rrz.Uni-Koeln.DE!aus001                                 Sebastian Klein
rsvl.unisys.com!wilpwr                                          Bill Powers
rz.uni-karlsruhe.de!ae24                                    Peter Januschke
rz.uni-karlsruhe.de!ae59                                   Heiner Berlejung
rz.uni-karlsruhe.de!ae60                                  Christoph Baumhof
rz.uni-karlsruhe.de!ae61                                    Stefan Beermann
rz.uni-karlsruhe.de!uk1o                                    Felix Schroeter
sce.carleton.ca!greg                                            Greg Franks
scoop.mst.uni-hannover.de!roenner                           Karsten Roenner
scoop.mst.uni-hannover.de!winzker                             Marco Winzker
sdiv.cray.com!homer                                        William D. Homer
sdiv.cray.com!rkn                                         Richard K. Nelson
se01.wg2.waii.com!johnson                                Michael W. Johnson
seas.smu.edu!ferguson                                       Warren Ferguson
seas.smu.edu!jackson                                         DeJuan Jackson
seas.smu.edu!jwhite                                              John White
seas.smu.edu!leyth                                             Leyth Kedidi
seas.smu.edu!mitch                                           Mitch Thornton
seas.smu.edu!relyea                                             Alex Relyea
seas.smu.edu!shyamal                                         Shyamal Prasad
server.cs.Virginia.EDU!jwl8k                          Joseph Lavinus Ganley
server.cs.Virginia.EDU!mad5c                                 Michael DeLong
shasta.stanford.edu!allison                                  Dennis Allison
shell.Portal.COM!pierre                                     Pierre Uszynski
shimari.cmf.nrl.navy.mil!scheussl                         Walter Scheussler
signal.poly.edu!skim                                          Seung-pil Kim
sirius.uvic.ca!fahmi                                            Maher Fahmi
sky700.bwi.wec.com!diviney                                      Tom Diviney
Smallworld.co.uk!Arthur.Chance                                Arthur Chance
Solbourne.COM!McGuire                                           Jim McGuire
spd.dsccc.com!sholtzcl                                     Steven Holtzclaw
spectra.com!morgan                                              Mike Morgan
spectre.mitre.org!eachus                                   Robert I. Eachus
SSD.intel.com!knighten                                      Robert Knighten
stat.purdue.edu!hrubin                                         Herman Rubin
stein.u.washington.edu!jimbo                                   James Doogus
sunrise.pg.gda.pl!marmo                                     Marek Moszynski
swindle.Berkeley.EDU!beorn                                    Beorn Johnson
SYNCRUDE.COM!bloxham.john                                      JOHN BLOXHAM
taligent.com!Clayton_Lewis                                    Clayton Lewis
tardis.Tymnet.COM!jms                                             Joe Smith
tc.fluke.COM!burr                                          A. Brinkley Barr
tera.com!wendyt                                                Wendy Thrash
tiger2.technion.ac.il!ronenp                                   Ronen Perets
tuba.aix.calpoly.edu!rheiss                            Robert Everitt Heiss
tukki.jyu.fi!paasivir                                      Risto Paasivirta
ubolib.univ-brest.fr!lepape                                     Luc Le Pape
ul.ie!omahonyp                                             Padraig O Mahony
umcc.umich.edu!stevej                                     Stephen Jovanovic
undergrad.math.uwaterloo.ca!sgkruk                            Serge G. Kruk
unx.sas.com!thacher                                          Clarke Thacher
usr.com!jproctor                                            John J. Proctor
uu4.psi.com!fasttech!zeke                                   Bohdan Tashchuk
validgh.com!dgh                                              David G. Hough
vitsemi.com!rob                                                  Rob Eccles
vivace.eecs.umich.edu!riepe                                   Michael Riepe
vlsi.cs.caltech.edu!robert                                 Robert J. Harley
vuse.vanderbilt.edu!rksnider                                    Ross Snider
wimpy.aar.wpafb.af.mil!gadd                                   David A. Gadd
wins.uia.ac.be!cuyt                                              Annie Cuyt
wins.uia.ac.be!janssen                                Pascal F. J. Janssens
wins.uia.ac.be!verdonk                                     Brigitte VERDONK
wolves!news                                             Gregory G. Woodbury
wtkatz.sps.mot.com!chinds                                    Chris N. Hinds
zeus.ece.jhu.edu!philippe                             Philippe O. Pouliquen
ZFN.uni-bremen.de!L15D                                     Martin Schr"oder

Voted No
---------------------------------------------------------------------------
academ01.mty.itesm.mx!al198723                              Eugenio Sanchez
alpha.acast.nova.edu!grohol                                     John Grohol
aston.ac.uk!gilesj                                             Jeremy Giles
bcm.tmc.edu!rick                                             Richard Miller
bga.com!stainles                                               Dwight Brown
Camex.COM!jlc                                             Jeffrey L. Caruso
columbia.edu!bsb2                                               David Black
csn.org!metamatic!ediger                                       Bruce Ediger
csugrad.cs.vt.edu!cjackson                                    CHRIS JACKSON
darkstar.irony.com!elt                                          Ed Taychert
dorsai.dorsai.org!jfortt                                       Joseph Fortt
ee.rochester.edu!hossain                                      Razak Hossain
erfsys01.boeing.com!crp5754                                     Chris Payne
ernie.van.forintek.ca!WARD                                     Ward F. Bush
flidh102.delcoelect.com!crouchkp                     Kenneth P. Crouch, Jr.
globalvillag.com!jrm                                  John R. MacWilliamson
minerva.cis.yale.edu!catseye                                 Mark Kupferman
minerva.cis.yale.edu!drayer                                  Rebecca Drayer
ms.uky.edu!kherron                                           Kenneth Herron
nt.e-technik.uni-erlangen.de!hartung                          Frank Hartung
odi.com!noyes                                                    Mark Noyes
othello.ucdavis.edu!ez015670                                   Bret Olmsted
tad.eds.com!srogers                                            Steve Rogers
Think.COM!cward                                            Christopher Ward
titan.ucs.umass.edu!smailer                                     Ira Smailer
turing.toronto.edu!smarry                                    Marc Moorcroft
UACSC2.ALBANY.EDU!ALBNYVMS.bitnet!HD0022                        Chip Dunham
vaxb.acs.unt.edu!OTTO                                               M. Otto
vpnet.chi.il.us!lisbon                                     Gerald P Swetsky
vuse.vanderbilt.edu!krish                                        P Krishnan

Abstained
---------------------------------------------------------------------------
mips.complang.tuwien.ac.at!andi                               Andreas Krall
netcom.com!salter                                          David Ian Salter
pilot.njin.net!birchall                                    Shag Aristotelis
RedBrick.COM!mmt                                              Maxime Taksar

Votes in error
---------------------------------------------------------------------------
crackle.aelmg.adelaide.edu.au!gvokalek                       George Vokalek
   ! Conflicting votes
-- 
Jan Isley <jan@bagend.atl.ga.us>
votes-to: <usenet-votes@mathcs.emory.edu>
