Path: msuinfo!uwm.edu!spool.mu.edu!howland.reston.ans.net!europa.eng.gtefsd.com!uunet!bounce-back
From: djb@silverton.berkeley.edu (D. J. Bernstein)
Newsgroups: news.announce.newgroups,news.groups,sci.crypt,alt.privacy.clipper
Subject: RESULT: talk.politics.crypto passes 184:44
Followup-To: news.groups
Date: 8 Sep 1993 16:26:46 -0400
Organization: IR
Lines: 250
Sender: tale@rodan.UU.NET
Approved: tale@uunet.uu.net
Message-ID: <26lf66INNl13@rodan.UU.NET>
NNTP-Posting-Host: rodan.uu.net
Xref: msuinfo news.announce.newgroups:3806 news.groups:80852 sci.crypt:19154 alt.privacy.clipper:1544

talk.politics.crypto   The relation between cryptography and government

Here's the tally. There were 184 valid yes votes and 44 valid no votes.
So talk.politics.crypto passes. The vote list appears below. My thanks
to MIT, Jonathan Kamens, and Geer Zolot Associates for collecting the 
votes.

There will be a five-day waiting period to revise the tally in case of 
lost votes. Please post any comments on the vote, including lost votes,
to news.groups; do not mail them to me. Barring a Vogon invasion or some
other unlikely event, David Lawrence will send out a newgroup message
for talk.politics.crypto at the end of the waiting period.

---Dan

"yes" votes (184):

(Jeffrey D. Angus) bongo!skyld.tele.com!jangus@netcom.com
"Mich Kabay / JINBU Corp." <75300.3232@compuserve.com>
abbe@bronze.lcs.mit.edu (John C. Abbe aka Rademir)
ABROUARD@antioc.antioch.edu
absurd@apple.com (Tim Dierks)
Andreas Fuchsberger <af@hplb.hpl.hp.com>
al198723@academ01.mty.itesm.mx (Eugenio Sanchez-Pe~a), al198723@next-mty.mty.itesm.mx (Eugenio Sanchez-Pe~a)
Alan Bawden <Alan@lcs.mit.edu>
Alan Coopersmith <alanc@ocf.berkeley.edu>
andy@autodesk.com (Andrew Purshottam)
andy@vistachrome.com
atfurman@cup.portal.com
atkinson@itd.nrl.navy.mil (Randall Atkinson)
aultj@rpi.edu
bal@martigny.ai.mit.edu
barle@physics.rutgers.edu (Stanko Barle)
bart@netcom.com (Harry Bartholomew)
Bart Massey <bart@skinner.cs.uoregon.edu>
beast@netcom.com (J. Kintscher)
beckman@cco.caltech.edu (David Beckman)
Bengt Larsson <bengtl@maths.lth.se>
berson@anagram.com (Thomas A. Berson)
Benjamin Griffin <bgriffin@libserv1.ic.sunysb.edu>
Bill_Moore@mindlink.bc.ca (Bill Moore)
"Gomes, Bill              M'bio" <BillG@microbio.lifesci.ucla.edu>
"B.J. Herbison" <bj@herbison.com>
bobmacd@netcom.com (Bob MacDowell)
boyd@cs.buffalo.edu (Daniel F Boyd)
Brian R. Gaeke <brg@cerf.net>
"John Kelsey" <C445585@mizzou1.missouri.edu>
cactus@clinton.com (L. Todd Masco)
Can Bruce <cb34@cunixf.cc.columbia.edu>
charest@aig.jpl.nasa.gov (Len Charest)
Christopher Davis <ckd@eff.org>
Bob Clements <clements@diamond.bbn.com>
cliftonr@netcom.com (Pope Clifton)
cme@ellisun.sw.stratus.com (Carl Ellison)
colin@nyx.cs.du.edu
collins@newton.apple.com (Scott Collins)
27-Aug-1993 2049 <collins@powdml.enet.dec.com>
combee@prism.gatech.edu (Ben Combee)
craffert@lehman.com (Colin Owen Rafferty)
D.M.Pick@qmw.ac.uk
Dave Hodgins <dave.hodgins@canrem.com>
dave@eram.esi.com.au (Dave Horsfall)
davew@tamarack.cray.com (Dave Wagner)
"David A. Wagner" <dawagner@phoenix.princeton.edu>
Dave Archer <dmarcher@acsu.buffalo.edu>
doug@midget.towson.edu (Doug McNaught)
Jeff Del Papa <dp@harlequin.com>
dp@world.std.com (Jeff DelPapa)
"David S.A. Stine" <dstine@cisco.com>
dvader@hemp-imi.hep.anl.gov (mike Rosing)
eab@msc.edu (Edward Bertsch)
ed@titipu.resun.com (Edward Reid)
fergp@sytex.com (Paul Ferguson)
fmcphers@csugrad.cs.vt.edu (Frank McPherson)
Garrett.Wollman@uvm.edu (Garrett Wollman)
garyr@cs.tamu.edu (Gary R Ratterree)
gordon@ll.mit.edu (Gordon Matheson)
grout@csrd.uiuc.edu (John R. Grout)
Geoffrey Spear <gspear+@cmu.edu>
gswan@psych.toronto.edu
haahr@mv.us.adobe.com (Paul Haahr)
Ed Hamrick <hamrick@convex.convex.com>
James Harvey <HARVEY@indyvax.iupui.edu>
"Robert A. Hayden" <hayden@krypton.mankato.msus.edu>
henderso@netcom.com (Mark C. Henderson)
henrik@PICARD.TAMU.EDU (Henrik Schmiediche)
holger@vmars.vmars.tuwien.ac.at (Holger Reusch)
holland@cs.colostate.edu (douglas craig holland)
howard@hal.com
hrubin@pop.stat.purdue.edu (Herman Rubin)
ijackson@nyx.cs.du.edu (Ian Jackson)
irina@cs.bu.edu (Irene Gassko)
jallred@spdg.com (John Allred)
James_Gillogly@rand.org
JERRY@crysv1.ncifcrf.gov
jesup@cbmvax.cbm.commodore.com (Randell Jesup)
jet@nas.nasa.gov (J. Eric Townsend)
jhenders@jonh.wimsey.bc.ca (John Henders)
Jim_Miller@suite.com
J M Lake <jmlake@lees.cogsci.uiuc.edu>
joec@cfcsys.linet.org (Joseph Christie)
"Joel A. Fine" <joel@postgres.berkeley.edu>
john.eichler@grapevine.lrk.ar.us (John Eichler)
jsa@jet.uk (Jacob S Andersen)
Jin S Choi <jsc@monolith.mit.edu>
John T Kohl <jtkohl@zk3.dec.com>
Junger@samsara.law.cwru.edu (Peter D. Junger)
karmira@falcon.natinst.com (Apostolos Karmirantzos)
kelsey@mdd.comm.mot.com (Joe Kelsey)
kohler@sra.com (Mark Kohler)
kubo@math.harvard.edu (Tal Kubo)
Laszlo Baranyi <laszlo@instrlab.kth.se>
"L. Detweiler" <ld231782@longs.lance.colostate.edu>
LINEHAN@watson.ibm.com
David Lippke <lippke@utdallas.edu>
loki@cass156.ucsd.edu (Lance Cottrell)
lonadar@judy.indstate.edu (Lonadar the Wanderer)
lowton@typhon.dra.hmg.gb (Andy Lowton)
lucks@namu19.gwdg.de (Stefan Lucks)
M..Stirner@f28.n125.z1.fidonet.org (M. Stirner)
Magnus Olsson <magnus@thep.lu.se>
maier@ebs330.eb.uah.edu (Professor Maier)
manish@sheba.niddk.nih.gov (Manish Butte)
marchesi@cirfid.unibo.it (Carlo Marchesi)
marcy@sqwest.wimsey.bc.ca (Marcy Thompson)
Mark Grant <mark@isltd.insignia.com>
matwood@peruvian.cs.utah.edu (Mark Atwood)
mayhew@WKUVX1.BITNET
mch@sqwest.wimsey.bc.ca
meadows@itd.nrl.navy.mil (Catherine A. Meadows)
mhealey@sdcc13.ucsd.edu (Mark Healey)
mike@cs.umd.edu (Mike Steele)
Mike Fessler <MIKEF@brownvm.brown.edu>
"Loren J. Miller" <MILLERL@wharton.upenn.edu>
miron@extropia.wimsey.com (Miron Cuperman)
misar@rbg.informatik.th-darmstadt.de
Frederic Miserey <miserey@laguna.ics.uci.edu>
mk@anuurn.do.open.de (Martin Koehling)
mkovacs@mcs.kent.edu
mlshew@dixie.com (Mark Shewmaker)
Maxime Taksar KC6ZPS <mmt@redbrick.com>
moore@defmacro.cs.utah.edu (Timothy B. Moore)
MOTSUK@cu4500.cua.edu
Marc VanHeyningen <mvanheyn@cs.indiana.edu>
Matthias Neeracher <neeri@iis.ee.ethz.ch>
nelson@reed.edu (Nelson Minar)
nmehl@ccat.sas.upenn.edu (Nathan J. Mehl)
Nat Howard <nrh@uunet.uu.net>
Chris Palmer <palmer@admin.mcc.mass.edu>
patl@lcs.mit.edu
payson@cs.wisc.edu ( Payson)
Paul Leyland <pcl@ox.ac.uk>
pcr@vnet.ibm.com
peb@procase.com (Paul Baclace)
perobich@ingr.com
Charles P Pfleeger <pfleeger@tisuk.demon.co.uk>
phoffman@netcom.com (Paul E. Hoffman)
pkarger@gte.com
"Michael J. Quinn" <quinn@phoenix.princeton.edu>
Richard Pieri <ratinox@ccs.neu.edu>
Rob Boudrie <rboudrie@chpc.org>
rda@mh.nl (Sietze Roorda)
reeds@research.att.com
Rene Boe Soerensen <rene@iesd.auc.dk>
rfall@mv.us.adobe.com (Richard Fall)
richardr@netcom.com (Richard L. Robertson)
rittle@comm.mot.com (Loren James Rittle)
Bob Dowling <rjd4@ucs.cam.ac.uk>
Rob Quinn <rjq@phys.ksu.edu>
Robert L Krawitz <rlk@think.com>
roberto@keltia.frmug.fr.net (Ollivier Robert)
rschnapp@metaflow.com (Russ Schnapp)
Rich Thomson <rthomson@dsd.es.com>
Ryan Bayne <ryan.bayne@canrem.com>
samuel@telmar.com (Samuel Druker)
science@oasys.dt.navy.mil (Mark Zimmermann)
"David A. Scocca" <scocca@gibbs.oit.unc.edu>
scs@eskimo.com (Steve Summit)
Scott E Kullberg <sekullbe@athena.mit.edu>
siler@cs.utk.edu
sjsmith@cs.umd.edu (Stephen Joseph Smith)
somogyi@macuser.ziff.com (Stephan Somogyi)
spirit@wildwood.demon.co.uk
Jason 'Think!' Steiner <steiner@jupiter.cse.utoledo.edu>
Steve Brinich <steve-b@access.digex.net>
Steve Coltrin <steve@constellation.ecn.uoknor.edu>
strnlght@netcom.com (David Sternlight)
stu@valinor.mythical.com (Stu Labovitz)
Christoph Weber-Fahr <supervisor@kit.uni-kl.de>
David Reeve Sward <sward+@cmu.edu>
tamsky@cco.caltech.edu (Marc A. Tamsky)
tcmay@netcom.com (Timothy C. May)
thursto1@husc.harvard.edu
tim@atri.curtin.edu.au (Tim Moors)
TSOS@uni-duesseldorf.de (Detlef Lannert)
uri@watson.ibm.com
VampLestat@eskimo.com
weemba@sagi.wistar.upenn.edu (Matthew P Wiener)
wiml@u.washington.edu
wombat@nfinit.enet.dec.com
fasttech!zeke@uu4.psi.com (Bohdan Tashchuk)

"no" votes (44):

Albert Amet <ACA@kan-dor.tallgrass.com>
ao443@yfn.ysu.edu
balr!vpnet!vpnet!vagrant@clout.chi.il.us
Alan P Barrett <barrett@daisy.ee.und.ac.za>
Scott Bennett <bennett@mp.cs.niu.edu>
biow@cs.umd.edu
Alexander EICHENER <C96@vm.hd-net.uni-heidelberg.de>
Po Shan Cheah <cheah@cs.columbia.edu>
chisnall@cosc.canterbury.ac.nz (The Technicolour Throw-up)
Kenneth P Crouch <crouchkp@kocrsv01.delcoelect.com>
ddjenkin@acs.ucalgary.ca
Eric Edward Moore <deathmaster+@cmu.edu>
"Eric J. Olson" <ejo@kaja.gi.alaska.edu>
emcguire@intellection.com (Ed McGuire)
franklig@gas.uug.arizona.edu (Gregory C Franklin )
Hardcore Alaskan <FSSPR@acad3.alaska.edu>
Greg_Manning@mindlink.bc.ca (Greg Manning)
gtf@gauss.math.rochester.edu (Geoffrey Falk)
hal@alumni.cco.caltech.edu (Hal Finney)
hud@netcom.com (Hud Nordin)
huntj%postoffice.agcs.com@agcs.com (Jeffrey Hunt, Great American)
jbs@watson.ibm.com
jsgreene@ll.mit.edu (John S. Greene)
jsy@palm.cray.com (Jeff Young)
julian@bongo.tele.com (Julian Macassey)
Kevin Junck <junck@okra.fnal.gov>
John Kasdan <kasdan@cs.columbia.edu>
LBennett.El_Segundo@xerox.com
Lyle_Seaman@transarc.com
mathew@mantis.co.uk (mathew)
mike@upolu.gsfc.nasa.gov (Mike Jones)
Murray Nesbitt <mjn@pseudo.uucp>
Paul.Tvete@ii.uib.no
peed@ivory.rtsg.mot.com (Andrew Peed)
plutchak@porter.geo.brown.edu (Joel Plutchak)
"Sendhil "Mr. Bubbles" Revuluri" <revu@midway.uchicago.edu>
rick@crick.ssctr.bcm.tmc.edu (Richard H. Miller)
rkupiec@athena.mit.edu
"Ronnie B. Kon" <ronnie@cisco.com>
Tom Jaskiewicz <tomj@jac.enet.dec.com>
wcs@anchor.ho.att.com (Bill Stewart)
wdam@cds.proxima.alt.za
werner@soe.berkeley.edu (John Werner)
Olin Sibert <wos@oxford.com>

-30-
